pdb_id,residue_count,chain_count,center_x,center_y,center_z,avg_phi,avg_psi
1AKE,428,2,20.184477988661804,25.612156327484936,20.33138031129503,-68.61079627111283,25.445529920342985
2PTC,281,2,10.865599884799222,70.3909375774845,17.34594457483492,-78.08367025520899,67.28232640752319
1LYZ,129,1,-0.41174315497555247,20.632386892320106,19.084470453419872,-63.55881195223939,18.431131855346944
1D66,152,4,27.459646656935295,41.77308701166952,28.397539560677714,-70.43331590121446,37.97444588031317
1H2W,710,1,36.3271953985318,41.427251774684166,88.99923060133605,-81.04108519191489,58.64765559611548
1H4L,850,4,35.79310828901627,-13.97593423584676,20.542826206710533,-72.49963567619996,17.810766344625463
4WNC,2664,8,-33.027832764282905,-17.648611073753255,-94.23622087648228,-81.91064419804015,44.3648053634781
2C7E,7350,14,1.8694073916932553e-05,-1.850901051281088e-05,-0.22971599187136815,-68.16845583005033,14.67597361437894
5E8A,137,1,13.4677060516654,0.5012201487445525,6.0951498153450485,-90.26749046083211,94.11809842153716
3G5U,2364,2,35.919658048033895,58.4605977600605,47.82320783049435,-56.27651157721354,-13.49129132701769
1CRN,46,1,9.300267084556882,9.774878139431118,6.9777554218258535,-73.90273344809347,22.09600148770132
1BRS,588,6,14.86989852401008,33.99669539516053,26.19394395504897,-73.47145557541484,42.996922034892336
1PPT,36,1,-1.811336911530073,-9.732571290129501,5.3210326460182955,-60.57132154704318,19.314268140340538
1TIT,89,1,-1.6703282400482227,0.5769167031607135,0.17042761652221647,-94.59892936030667,50.25912071938658
2WXC,940,1,-0.20240587201661517,-0.9454870975030717,0.2793046265450356,-76.62217430238434,23.79116013705438
1A0S,1239,3,-36.96064456379064,0.14214774761505314,-15.650695897455032,-92.8902946013597,81.54157179970655
1A0I,332,1,5.373783392417909,-24.99507386417799,56.8375436411525,-71.0998764508079,53.703136551304446
2POR,301,1,3.8157489968751994,-23.24016362798201,25.19160870973351,-95.86960981056555,92.27513696416884
2RH1,442,2,-31.164623761186355,35.04281722420264,13.355762402828752,-65.0164754673355,-13.297921251264116
3SN6,1318,5,28.65112416147203,9.050930750582596,28.497264754197666,-73.29750228788077,22.52482502527213
3MKT,920,2,25.432766554883973,45.29455748264511,38.71161668016882,-55.37970650594374,-36.424407802463385
6CP6,5118,27,-5.498555552385112,2.347899941205769,20.97396179934631,-73.37476373416193,12.342592487801245
5I6X,976,3,-35.888610800121995,-15.158361939362084,24.546051525100822,-77.89477972493457,33.98363318066482
4V4Q,20439,104,58.021786193861196,67.781827040391,-94.15274030440102,-64.39758909392147,20.6629769353222
3J3Q,313236,1356,497.96135934371506,610.3326768646615,471.0681579479174,-64.93216992158483,12.970149136488253
7KOO,2315,20,138.06913040956778,138.0840831220933,116.79511782977649,-84.88770131788294,39.263202715793405
6VXX,2916,18,210.00076607042152,209.999142200084,206.52955782150082,-84.7096702779098,62.34898056875405
5L93,672,3,85.17828611818268,122.94601860171807,139.7147538485441,-66.42219397830873,1.1449690918334632
